objectid,title,image_alt_text,creator,date,description,subject,source,identifier,type,format,rights,rightsstatement,display_template,object_location,image_small,image_thumb,carousel
caves001,Tule Lodge on River,"A large indigenous-made structure, its exterior covered in tule mats, sits on a gravel riverbank with two horese are tied to nearby trees.",Lee Moorhouse,1900/1910,Historical photograph of a tule lodge and horses by a river (Courtesy of University of Oregon Special Collections: PH036_4433).,,University of Oregon Special Collections,PH036_4433,Image,image/jpeg,,,image,/objects/TuleLodge-River.jpg,/objects/small/tulelodge-river_sm.jpg,/objects/thumbs/tulelodge-river_th.jpg,yes
caves002,Utilla Indian Agency (artist rendering),"Digitally simulated charcoal sketch of a canvas-covered tipi on the bank of a river, a white, single story, wood frame building is located nearby.",Meghan Caves,,Artistic rendering of what the Utilla Indian Agency may have looked like (created by M. Caves).,,,,Image,image/jpeg,,,image,/objects/IndianAgency.jpg,/objects/small/indianagency_sm.jpg,/objects/thumbs/indianagency_th.jpg,yes
caves003,Map of Tribal Territories,"Hand drawn historical map of the Columbia River basin, with color-coded territorial boundaries of local indigenous tribes' habitation areas. The location of the indian agency is indicated with an ""X"" on the western bank of the ""Utilla River.""",Granville O. Haller,1855,"Portion of map showing the locations of Indigenous groups in the Utilla Agency District as drawn by Brevet Major G. O. Haller, United States Army (Courtesy of National Archives and Records Administration, NAID: 232925687).",,National Archives and Records Administration,NAID 232925687,Image,image/jpeg,,,image,/objects/HallerMap.jpg,/objects/small/hallermap_sm.jpg,/objects/thumbs/hallermap_th.jpg,yes
caves004,Fort Henrietta (artist rendering),"Digitally simulated painting of a grey winter day, a wooden stockade-style fortification stand in the background with three canvas tents and a rifle tripod set up in the snowy dirt in front of the fort.",Meghan Caves,,Artistic rendering of what Fort Henrietta may have looked like (created by M. Caves).,,,,Image,image/jpeg,,,image,/objects/FortHenrietta.jpg,/objects/small/forthenrietta_sm.jpg,/objects/thumbs/forthenrietta_th.jpg,yes
caves005,Echo News Building,"False front wood frame building with the following text painted on the facade: ""THE ECHO NEWS. WATCH! ECHO!! GROW!!!"" Two women, three men, and a boy are standing in front of the building on a boardwalk.",,1890,"Historical photograph of false front building of ""The Echo News"" with people standing in front on a boardwalk and leaning on a street sign circa 1890 (Courtesy of the Echo History Museum).",,Echo Historical Museum,,Image,image/jpeg,,,image,/objects/EchoNews.jpg,/objects/small/echonews_sm.jpg,/objects/thumbs/echonews_th.jpg,yes
caves006,City of Echo plat map,"Printed historical map of Echo depicting the land ownership, city blaocks, roads, canals, and railroad tracks; color coding indicates the extent of the original town and various named additions.",George A. Ogle & Co.,1914,"City plat of Echo as published in the 1914 Standard Atlas of Umatilla County, Oregon, published in by George A. Ogle & Co. (Courtesy of the Umatilla County Survey Department).",,Umatilla County Survey Department,,Image,image/jpeg,,,image,/objects/EchoCityPlat.jpg,/objects/small/echocityplat_sm.jpg,/objects/thumbs/echocityplat_th.jpg,yes
caves007,KoontzBuilding,,,,Historical photograph of the Koontz Building with a horsedrawn wagon in front of it on Echo's Main Street some time after it was built in 1905 (Courtesy of the City of Echo).,,City of Echo,,Image,image/jpeg,,,image,/objects/KoontzBuilding.jpg,/objects/small/koontzbuilding_sm.jpg,/objects/thumbs/koontzbuilding_th.jpg,yes
caves008,Tule Plants,Seven dark green reeds with light brown seed bundles hanging off their tips in front of a marshy area populated mostly by the same species of reeds.,Meghan Caves,2024,"Modern color photograph of green and brown tule reeds near Echo, Oregon (taken by M. Caves 2024).",,,,Image,image/jpeg,,,image,/objects/Tules.jpg,/objects/small/tules_sm.jpg,/objects/thumbs/tules_th.jpg,yes
caves009,Aerial photograph of flooding,"A flooded river extends into agricultural fields with standing water surrounding farm buildings, the water is so high it nearly touches the bottom of the bridge that crosses the river.",,2020,"Aerial photograph of flooding immediately southwest of Echo, Oregon near the archaeological site (courtesy of the City of Echo).",,City of Echo,,Image,image/jpeg,,,image,/objects/EchoFlood.jpg,/objects/small/echoflood_sm.jpg,/objects/thumbs/echoflood_th.jpg,
caves010,Riverbank erosion near the site,"Eroded river bank with an abrupt drop-off, the layers of sediment are visible in the vertical cross-section and grass along the surface tufts over the edge where the roots were torn away.",,2020,Erosion next to the archaeological site caused by flooding in 2020 (photograph courtesy of the City of Echo).,,City of Echo,,Image,image/jpeg,,,image,/objects/FloodErosion.jpg,/objects/small/flooderosion_sm.jpg,/objects/thumbs/flooderosion_th.jpg,
caves011,Riverbank restoration work,"A river with low water level, a gravel bar with green gras sprouting on it is prominent in the chanel, on the bank in the foreground are large angular rocks and a reflective bright orange safety cone.",,2023,Photograph of ongoing floodplain restoration work near the archaeological site (courtesy of Anderson Perry & Associates).,,"Anderson Perry & Associates, Inc.",,Image,image/jpeg,,,image,/objects/FloodRestoration.jpg,/objects/small/floodrestoration_sm.jpg,/objects/thumbs/floodrestoration_th.jpg,
caves012,Meghan Caves visiting the archaeological site,"A white woman in her early 30s with a big smile stands next to an interpretive sign titled, ""Utilla/Fort Henrietta Site Overview.""",Katrina Eichner,2024,Meghan Caves standing next to an interpretive sign at the archaeological site (photo by Kat Eichner).,,,,Image,image/jpeg,,,image,/objects/MC-Site.jpg,/objects/small/mc-site_sm.jpg,/objects/thumbs/mc-site_th.jpg,
caves016,Ta̓wtalikš (Fred Hill Sr.) serving as MC,"An Indigenous man, a tribal elder, wearing a cowboy hat, a beaded vest depicting horses, and a beaded bolo tie, speaks into a microphone at an outdoor powwow.",,,Ta̓wtalikš (Fred Hill Sr.) serving as an MC for a powwow event.,,,,Image,image/jpeg,,,image,/objects/Fred-Hill-Sr.jpg,/objects/small/fred-hill-sr_sm.jpg,/objects/thumbs/fred-hill-sr_th.jpg,
caves017,Glossary Welcome Message,,Fred Hill Sr.,2026,A welcome message from Umatilla master speaker Ta̓wtalikš (Fred Hill Sr.),Echoes of the Past Curriculum,,,Sound,audio/mpeg,"In copyright, educational use permitted.",http://rightsstatements.org/vocab/InC-EDU/1.0/,audio,/objects/Fred-Hill-Welcome.mp3,,,
caves157,ReflectionBooklet-River,,Meghan Caves,2026,Notetaking and activity guides for students reading and writing at or above 4th grade level.,Echoes of the Past Curriculum,,,Text,application/pdf,"In copyright, educational use permitted.",http://rightsstatements.org/vocab/InC-EDU/1.0/,pdf,/objects/ReflectionBooklet-River.pdf,/objects/small/reflectionbooklet-river_sm.jpg,/objects/thumbs/reflectionbooklet-river_th.jpg,
caves158,ReflectionBooklet-Rock,,Meghan Caves,2026,Notetaking and activity guides for students reading and writing at or below 4th grade level.,Echoes of the Past Curriculum,,,Text,application/pdf,"In copyright, educational use permitted.",http://rightsstatements.org/vocab/InC-EDU/1.0/,pdf,/objects/ReflectionBooklet-Rock.pdf,/objects/small/reflectionbooklet-rock_sm.jpg,/objects/thumbs/reflectionbooklet-rock_th.jpg,
caves159,Sahaptian Pronounciation Guide,,Meghan Caves,2026,Phonetic pronounciation guide for the Sahaptian based on the CTUIR orthography laid out in Hunn et al. 2015.,Echoes of the Past Curriculum,,,Text,application/pdf,"In copyright, educational use permitted.",http://rightsstatements.org/vocab/InC-EDU/1.0/,pdf,/objects/SahaptianPhoneticPronounciationGuide.pdf,/objects/small/sahaptianphoneticpronounciationguide_sm.jpg,/objects/thumbs/sahaptianphoneticpronounciationguide_th.jpg,
caves160,How Do We Teach Elementary Students to Think Like Historians?,,Tamara Purdin,2023,"Chapter excerpted from *Using Inquiry to Prepare Students for College, Career, and Civic Life* edited by Scott M. Waring.",National Council for the Social Studies,,,Text,application/pdf,"In copyright, educational use permitted.",http://rightsstatements.org/vocab/InC-EDU/1.0/,pdf,/objects/UsingInquiry-Elem_Chapt4-ThinkingLikeHistorians.pdf,/objects/small/usinginquiry-elem_chapt4-thinkinglikehistorians_sm.jpg,/objects/thumbs/usinginquiry-elem_chapt4-thinkinglikehistorians_th.jpg,
caves161,"How Can Teachers Use Local History to Make National Trends More Tangible, Compelling, and Meaningful?",,Lightning P. Jay,2024,"Chapter excerpted from *Teaching with Primary Sources to Prepare Students for College, Career, and Civic Life* (Vol. 2) edited by Scott M. Waring.",National Council for the Social Stuides & Library of Congress,,,Text,application/pdf,"In copyright, educational use permitted.",http://rightsstatements.org/vocab/InC-EDU/1.0/,pdf,/objects/TeachingPrimarySources_Vol2-Chap4-LocalNationalConnections.pdf,/objects/small/teachingprimarysources_vol2-chap4-localnationalconnections_sm.jpg,/objects/thumbs/teachingprimarysources_vol2-chap4-localnationalconnections_th.jpg,
caves162,Teaching History from an Indigenous Perspective: Four Winding Paths up the Mountain,,Michael Marker,2011,Chapter excerpted from *New Possibilities for the Past: Shaping History Education in Canada* edited by Penney Clark.,ProQuest Ebook Central,,,Text,application/pdf,"In copyright, educational use permitted.",http://rightsstatements.org/vocab/InC-EDU/1.0/,pdf,/objects/M.Marker_TeachingHistoryIndigenousPerspective.pdf,/objects/small/m.marker_teachinghistoryindigenousperspective_sm.jpg,/objects/thumbs/m.marker_teachinghistoryindigenousperspective_th.jpg,
caves163,Tk̓úpa Exceprts - Sahaptian Place Names Atlas,,Confederated Tribes of the Umatilla Indian Reservation,2015,"Selected excerpts from *Cáw Pawá Láakni / They Are Not Forgotten: Sahaptian Place Names Atlas of the Cayuse, Umatilla, and Walla Walla* by Eugene S. Hunn, E. Thomas Morning Owl, Phillip E. Cash Cash and Jennifer Karson Engum.",Tamástslikt Cultural Institute,,,Text,application/pdf,"In copyright, educational use permitted.",http://rightsstatements.org/vocab/InC-EDU/1.0/,pdf,/objects/Exceprt_SahaptianPlaceNamesAtlas.pdf,/objects/small/exceprt_sahaptianplacenamesatlas_sm.jpg,/objects/thumbs/exceprt_sahaptianplacenamesatlas_th.jpg,
caves164,Utilla Excerpt - The Echo Story,,"John Woodward, PhD.",2003,Selected excerpt from *The Echo Story: Part I - From Early Days to the Arrival of the Railroad* compiled by John Woodward.,The Fort Henrietta Foundation,,,Text,application/pdf,"In copyright, educational use permitted.",http://rightsstatements.org/vocab/InC-EDU/1.0/,pdf,/objects/UtillaExcerpt.pdf,/objects/small/utillaexcerpt_sm.jpg,/objects/thumbs/utillaexcerpt_th.jpg,
caves165,City Excerpts - The Echo Story,,"John Woodward, PhD.",2003; 2007,Selected excerpts from *The Echo Story: Part I - From Early Days to the Arrival of the Railroad* and *Part II - The New Town Flourishes* compiled by John Woodward.,The Fort Henrietta Foundation,,,Text,application/pdf,"In copyright, educational use permitted.",http://rightsstatements.org/vocab/InC-EDU/1.0/,pdf,/objects/EchoExcerpt.pdf,/objects/small/echoexcerpt_sm.jpg,/objects/thumbs/echoexcerpt_th.jpg,
caves166,Foldables Resource,,Dinah Zike,,"Educator resource detailing utility of and patterns for 3-D, student made, interactive graphic organizers called ""Foldables"" in the context of social studies teaching.",McGraw-Hill,,,Text,application/pdf,"In copyright, educational use permitted.",http://rightsstatements.org/vocab/InC-EDU/1.0/,pdf,/objects/Foldables.pdf,/objects/small/foldables_sm.jpg,/objects/thumbs/foldables_th.jpg,