filename,object_location,image_small,image_thumb
2011_M.Marker_TeachingHistoryIndigenousPerspective.pdf,/objects/2011_M.Marker_TeachingHistoryIndigenousPerspective.pdf,/objects/small/2011_m.marker_teachinghistoryindigenousperspective_sm.jpg,/objects/thumbs/2011_m.marker_teachinghistoryindigenousperspective_th.jpg
EchoCityPlat.jpg,/objects/EchoCityPlat.jpg,/objects/small/echocityplat_sm.jpg,/objects/thumbs/echocityplat_th.jpg
EchoExcerpt.pdf,/objects/EchoExcerpt.pdf,/objects/small/echoexcerpt_sm.jpg,/objects/thumbs/echoexcerpt_th.jpg
EchoFlood.jpg,/objects/EchoFlood.jpg,/objects/small/echoflood_sm.jpg,/objects/thumbs/echoflood_th.jpg
EchoNews.jpg,/objects/EchoNews.jpg,/objects/small/echonews_sm.jpg,/objects/thumbs/echonews_th.jpg
Exceprt_SahaptianPlaceNamesAtlas.pdf,/objects/Exceprt_SahaptianPlaceNamesAtlas.pdf,/objects/small/exceprt_sahaptianplacenamesatlas_sm.jpg,/objects/thumbs/exceprt_sahaptianplacenamesatlas_th.jpg
FloodErosion.jpg,/objects/FloodErosion.jpg,/objects/small/flooderosion_sm.jpg,/objects/thumbs/flooderosion_th.jpg
FloodRestoration.jpg,/objects/FloodRestoration.jpg,/objects/small/floodrestoration_sm.jpg,/objects/thumbs/floodrestoration_th.jpg
FortHenrietta.jpg,/objects/FortHenrietta.jpg,/objects/small/forthenrietta_sm.jpg,/objects/thumbs/forthenrietta_th.jpg
Fred-Hill-Sr.jpg,/objects/Fred-Hill-Sr.jpg,/objects/small/fred-hill-sr_sm.jpg,/objects/thumbs/fred-hill-sr_th.jpg
Fred-Hill-Welcome.mp3,/objects/Fred-Hill-Welcome.mp3,,
HallerMap.jpg,/objects/HallerMap.jpg,/objects/small/hallermap_sm.jpg,/objects/thumbs/hallermap_th.jpg
IndianAgency.jpg,/objects/IndianAgency.jpg,/objects/small/indianagency_sm.jpg,/objects/thumbs/indianagency_th.jpg
M.Marker_TeachingHistoryIndigenousPerspective.pdf,/objects/M.Marker_TeachingHistoryIndigenousPerspective.pdf,/objects/small/m.marker_teachinghistoryindigenousperspective_sm.jpg,/objects/thumbs/m.marker_teachinghistoryindigenousperspective_th.jpg
MC-Site.jpg,/objects/MC-Site.jpg,/objects/small/mc-site_sm.jpg,/objects/thumbs/mc-site_th.jpg
PrimarySourceSheets.pdf,/objects/PrimarySourceSheets.pdf,/objects/small/primarysourcesheets_sm.jpg,/objects/thumbs/primarysourcesheets_th.jpg
ReflectionBooklet-River.pdf,/objects/ReflectionBooklet-River.pdf,/objects/small/reflectionbooklet-river_sm.jpg,/objects/thumbs/reflectionbooklet-river_th.jpg
ReflectionBooklet-Rock.pdf,/objects/ReflectionBooklet-Rock.pdf,/objects/small/reflectionbooklet-rock_sm.jpg,/objects/thumbs/reflectionbooklet-rock_th.jpg
SahaptianPhoneticPronounciationGuide.pdf,/objects/SahaptianPhoneticPronounciationGuide.pdf,/objects/small/sahaptianphoneticpronounciationguide_sm.jpg,/objects/thumbs/sahaptianphoneticpronounciationguide_th.jpg
TeachingPrimarySources_Vol2-Chap4-LocalNationalConnections.pdf,/objects/TeachingPrimarySources_Vol2-Chap4-LocalNationalConnections.pdf,/objects/small/teachingprimarysources_vol2-chap4-localnationalconnections_sm.jpg,/objects/thumbs/teachingprimarysources_vol2-chap4-localnationalconnections_th.jpg
TuleLodge-River.jpg,/objects/TuleLodge-River.jpg,/objects/small/tulelodge-river_sm.jpg,/objects/thumbs/tulelodge-river_th.jpg
Tules.jpg,/objects/Tules.jpg,/objects/small/tules_sm.jpg,/objects/thumbs/tules_th.jpg
UsingInquiry-Elem_Chapt4-ThinkingLikeHistorians.pdf,/objects/UsingInquiry-Elem_Chapt4-ThinkingLikeHistorians.pdf,/objects/small/usinginquiry-elem_chapt4-thinkinglikehistorians_sm.jpg,/objects/thumbs/usinginquiry-elem_chapt4-thinkinglikehistorians_th.jpg
UtillaExcerpt.pdf,/objects/UtillaExcerpt.pdf,/objects/small/utillaexcerpt_sm.jpg,/objects/thumbs/utillaexcerpt_th.jpg
timeline-cards.pdf,/objects/timeline-cards.pdf,/objects/small/timeline-cards_sm.jpg,/objects/thumbs/timeline-cards_th.jpg
